A0A023T4K3	pdb	404
A0A087WP63	pdb	404
A0A087WPH5	pdb	404
A0A087WPL5	pdb	404
A0A087WPR9	pdb	404
A0A087WPX0	pdb	404
A0A087WQ86	pdb	404
A0A087WRE5	pdb	404
A0A087WRE7	pdb	404
A0A087WRV0	pdb	404
A0A0A0MPG3	pdb	404
A0A0A0MQ73	pdb	404
A0A0A0MQ79	pdb	404
A0A0A0MQ98	pdb	404
A0A0A0MQA5	pdb	404
A0A0A0MQE5	pdb	404
A0A0A6YVS2	pdb	404
A0A0A6YWG7	pdb	404
A0A0A6YX25	pdb	404
A0A0A6YXG1	pdb	404
A0A0A6YXL6	pdb	404
A0A0A6YY67	pdb	404
A0A0B4J1K8	pdb	404
A0A0G2JFF1	pdb	404
A0A0G2JFQ4	pdb	404
A0A0K2H514	pdb	404
A0A0K2H5A1	pdb	404
A0A0K2H5Q6	pdb	404
A0A0K2H9P1	pdb	404
A0A0K2HCY8	pdb	404
A0A0K3AUZ7	pdb	404
A0A0K3AW96	pdb	404
A0A0K3AWT5	pdb	404
A0A0K3AWX1	pdb	404
A0A0M3HEQ7	pdb	404
A0A0N4SU14	pdb	404
A0A0N4SV29	pdb	404
A0A0N4SV80	pdb	404
A0A0N4SVL0	pdb	404
A0A0N4SW73	pdb	404
A0A0R4IBQ0	pdb	404
A0A0R4ICN8	pdb	404
A0A0R4IGL6	pdb	404
A0A0R4IKL1	pdb	404
A0A0R4IP07	pdb	404
A0A0R4IV21	pdb	404
A0A0R4IVD0	pdb	404
A0A0R4IVL7	pdb	404
A0A0R4IWG3	pdb	404
A0A0R4J015	pdb	404
A0A0R4J064	pdb	404
A0A0R4J0A5	pdb	404
A0A0R4J0F6	pdb	404
A0A0R4J0H7	pdb	404
A0A0R4J0I9	pdb	404
A0A0R4J0V5	pdb	404
A0A0R4J107	pdb	404
A0A0R4J170	pdb	404
A0A0R4J172	pdb	404
A0A0R4J1G5	pdb	404
A0A0R4J1I6	pdb	404
A0A0R4J2A1	pdb	404
A0A0U1RNN5	pdb	404
A0A0X1KG62	pdb	404
A0A0X1KG66	pdb	404
A0A171EBL2	pdb	404
A2A3E7	pdb	404
A2A468	pdb	404
A2A4A1	pdb	404
A2A4A6	pdb	404
A2A8R7	pdb	404
A2AFQ0	pdb	404
A2AFQ9	pdb	404
A2AG68	pdb	404
A2AGH8	pdb	404
A2AN08	pdb	404
A2ANY6	pdb	404
A2AQA7	pdb	404
A2ASS6	pdb	404
A2RSX9	pdb	404
A2VCL2	pdb	404
A2VEC9	pdb	404
A3KGQ6	pdb	404
A3KGU5	pdb	404
A3KN83-3	pdb	404
A4D104	pdb	404
A4D212	pdb	404
A5D6P3	pdb	404
A5JYS1	pdb	404
A5JYU5	pdb	404
A5YKK6-2	pdb	404
A5Z2S4	pdb	404
A6H8Z3	pdb	404
A6MDD3	pdb	404
A6NEM2	pdb	404
A6NHB5	pdb	404
A6NIW2	pdb	404
A6NIZ6	pdb	404
A6NMQ1	pdb	404
A6NNH0	pdb	404
A8DYP0	pdb	404
A8MT02	pdb	404
A8MU28	pdb	404
A8MUB1	pdb	404
A8MUL9	pdb	404
A8MVN1	pdb	404
A8MVQ8	pdb	404
B0S7V7	pdb	404
B0S872	pdb	404
B0UXB6	pdb	404
B0UZY3	pdb	404
B0V043	pdb	404
B1AKJ5	pdb	404
B1AM27	pdb	404
B1AMU7	pdb	404
B1ATD2	pdb	404
B1ATV0	pdb	404
B1ATZ0	pdb	404
B1AZF9	pdb	404
B2RQ71	pdb	404
B2RS19	pdb	404
B2RSI0	pdb	404
B2RSU7	pdb	404
B2RUJ2	pdb	404
B3KQZ9	pdb	404
B3KR64	pdb	404
B3KSI9	pdb	404
B3KY83	pdb	404
B4DDY8	pdb	404
B4DE16	pdb	404
B4DEK4	pdb	404
B4DF64	pdb	404
B4DFL2	pdb	404
B4DFQ4	pdb	404
B4DGX2	pdb	404
B4DH53	pdb	404
B4DJA5	pdb	404
B4DK80	pdb	404
B4DME9	pdb	404
B4DP11	pdb	404
B4DPY5	pdb	404
B4DQ51	pdb	404
B4DQJ8	pdb	404
B4DSS5	pdb	404
B4DUE9	pdb	404
B4DUS9	pdb	404
B4DVE7	pdb	404
B4DWI1	pdb	404
B4DZI8	pdb	404
B4DZW6	pdb	404
B4E1D7	pdb	404
B4E2W0	pdb	404
B4E3E5	pdb	404
B5ME49	pdb	404
B5MEG5	pdb	404
B7FAU9	pdb	404
B7WP27	pdb	404
B7WPD9	pdb	404
B7Z1I0	pdb	404
B7Z254	pdb	404
B7Z2C3	pdb	404
B7Z2X9	pdb	404
B7Z382	pdb	404
B7Z3I5	pdb	404
B7Z463	pdb	404
B7Z491	pdb	404
B7Z5R1	pdb	404
B7Z6B8	pdb	404
B7Z815	pdb	404
B7Z817	pdb	404
B7ZCJ0	pdb	404
B7ZKK9	pdb	404
B7ZLX3	pdb	404
B7ZLZ2	pdb	404
B7ZWL1	pdb	404
B8Q185	pdb	404
B8ZZJ9	pdb	404
B9EHN5	pdb	404
B9EJ54	pdb	404
B9EKS2	pdb	404
C0H5X6	pdb	404
C0HLS1	pdb	404
C1P641	pdb	404
C9JC99	pdb	404
C9JJN9	pdb	404
C9JQV3	pdb	404
C9JX92	pdb	404
C9JYE9	pdb	404
C9K0J5	pdb	404
C9K0W8	pdb	404
C9K0X5	pdb	404
D0IMZ5	pdb	404
D3YTG3	pdb	404
D3YUW8	pdb	404
D3YW87	pdb	404
D3YWS2	pdb	404
D3YWX2	pdb	404
D3YZ62	pdb	404
D3Z0Y1	pdb	404
D3Z197	pdb	404
D3Z1M3	pdb	404
D3Z2R5	pdb	404
D3Z5N5	pdb	404
D3Z656	pdb	404
D6R8W9	pdb	404
D6RBL4	pdb	404
D6W592	pdb	404
E0AHC9	pdb	404
E0CX20	pdb	404
E5KLJ5	pdb	404
E5RH97	pdb	404
E5RHL7	pdb	404
E5RJ68	pdb	404
E5RJ99	pdb	404
E5RJB2	pdb	404
E7EM93	pdb	404
E7EMW7	pdb	404
E7EMX7	pdb	404
E7EN41	pdb	404
E7ENR4	pdb	404
E7EP42	pdb	404
E7EPD0	pdb	404
E7EPF0	pdb	404
E7EQ57	pdb	404
E7EQN6	pdb	404
E7EQS8	pdb	404
E7ER45	pdb	404
E7ES43	pdb	404
E7ESJ3	pdb	404
E7ESS2	pdb	404
E7ESW6	pdb	404
E7ETA6	pdb	404
E7ETR5	pdb	404
E7ETY2	pdb	404
E7EU23	pdb	404
E7EUM5	pdb	404
E7EUU4	pdb	404
E7EUY0	pdb	404
E7EV46	pdb	404
E7EVH9	pdb	404
E7EW20	pdb	404
E7EW49	pdb	404
E7EWN3	pdb	404
E7EX73	pdb	404
E7F4V5	pdb	404
E7FG56	pdb	404
E9PAL9	pdb	404
E9PAS0	pdb	404
E9PAX1	pdb	404
E9PBJ5	pdb	404
E9PBL8	pdb	404
E9PC28	pdb	404
E9PC74	pdb	404
E9PCH4	pdb	404
E9PCQ3	pdb	404
E9PCV0	pdb	404
E9PEB9	pdb	404
E9PER1	pdb	404
E9PEZ3	pdb	404
E9PF10	pdb	404
E9PFD3	pdb	404
E9PG83	pdb	404
E9PGC8	pdb	404
E9PGF9	pdb	404
E9PGK7	pdb	404
E9PH29	pdb	404
E9PI62	pdb	404
E9PJW9	pdb	404
E9PKB9	pdb	404
E9PKL4	pdb	404
E9PL22	pdb	404
E9PL24	pdb	404
E9PLY5	pdb	404
E9PM46	pdb	404
E9PNQ1	pdb	404
E9PNQ6	pdb	404
E9PPH6	pdb	404
E9PR17	pdb	404
E9PU96	pdb	404
E9PUM4	pdb	404
E9PUQ9	pdb	404
E9PV28	pdb	404
E9PV45	pdb	404
E9PVC5	pdb	404
E9PVC6	pdb	404
E9PVP1	pdb	404
E9PVY8	pdb	404
E9PVZ8	pdb	404
E9PW66	pdb	404
E9PWB1	pdb	404
E9PWG2	pdb	404
E9PX59	pdb	404
E9PYB0	pdb	404
E9PYJ6	pdb	404
E9PYL9	pdb	404
E9PYT0	pdb	404
E9PZA7	pdb	404
E9PZY8	pdb	404
E9Q035	pdb	404
E9Q070	pdb	404
E9Q0A3	pdb	404
E9Q0N0	pdb	404
E9Q0V1	pdb	404
E9Q1M6	pdb	404
E9Q1V5	pdb	404
E9Q2H1	pdb	404
E9Q2M9	pdb	404
E9Q394	pdb	404
E9Q3I2	pdb	404
E9Q3P4	pdb	404
E9Q414	pdb	404
E9Q4A5	pdb	404
E9Q4K7	pdb	404
E9Q555	pdb	404
E9Q5A8	pdb	404
E9Q6A7	pdb	404
E9Q6L0	pdb	404
E9Q6R4	pdb	404
E9Q6R7	pdb	404
E9Q7K5	pdb	404
E9Q7L3	pdb	404
E9Q7P6	pdb	404
E9Q852	pdb	404
E9Q8F1	pdb	404
E9Q8N5	pdb	404
E9Q9M5	pdb	404
E9Q9T4	pdb	404
E9Q9V3	pdb	404
E9Q9X1	pdb	404
E9QAI5	pdb	404
E9QAM5	pdb	404
E9QAQ7	pdb	404
E9QAS4	pdb	404
E9QK83	pdb	404
E9QK89	pdb	404
E9QKE4	pdb	404
E9QKE9	pdb	404
E9QKG6	pdb	404
E9QKL6	pdb	404
E9QM77	pdb	404
E9QNG1	pdb	404
E9QNR6	pdb	404
E9QP99	pdb	404
E9QPI5	pdb	404
E9QQ10	pdb	404
F1QMV0	pdb	404
F1R4W2	pdb	404
F2Z2E1	pdb	404
F2Z2U4	pdb	404
F2Z2U8	pdb	404
F2Z2X4	pdb	404
F2Z4A9	pdb	404
F4IG73	pdb	404
F5GU60	pdb	404
F5GWU7	pdb	404
F5GWX5	pdb	404
F5GXC8	pdb	404
F5GXR6	pdb	404
F5GXS7	pdb	404
F5GXV7	pdb	404
F5GZB4	pdb	404
F5GZM7	pdb	404
F5GZN3	pdb	404
F5GZS0	pdb	404
F5GZT1	pdb	404
F5H012	pdb	404
F5H0L8	pdb	404
F5H1U9	pdb	404
F5H1X8	pdb	404
F5H269	pdb	404
F5H2H5	pdb	404
F5H2Q7	pdb	404
F5H328	pdb	404
F5H335	pdb	404
F5H3X9	pdb	404
F5H4B1	pdb	404
F5H4G7	pdb	404
F5H527	pdb	404
F5H5Y3	pdb	404
F5H604	pdb	404
F5H619	pdb	404
F5H620	pdb	404
F5H647	pdb	404
F5H698	pdb	404
F5H715	pdb	404
F5H780	pdb	404
F5H7S7	pdb	404
F5H801	pdb	404
F5H827	pdb	404
F5H845	pdb	404
F5H897	pdb	404
F5H8J3	pdb	404
F6QKK2	pdb	404
F6RDM4	pdb	404
F6RH32	pdb	404
F6RPJ9	pdb	404
F6S5I0	pdb	404
F6SBR5	pdb	404
F6SBX2	pdb	404
F6SGV3	pdb	404
F6SMJ7	pdb	404
F6SPQ1	pdb	404
F6T9H9	pdb	404
F6TBV1	pdb	404
F6TLV3	pdb	404
F6TN13	pdb	404
F6U6E8	pdb	404
F6U775	pdb	404
F6UDR6	pdb	404
F6UV46	pdb	404
F6V059	pdb	404
F6V6T4	pdb	404
F6WCX7	pdb	404
F6WH68	pdb	404
F6WYQ5	pdb	404
F6XVP7	pdb	404
F6XX07	pdb	404
F6XYC5	pdb	404
F6Y765	pdb	404
F6YY69	pdb	404
F6YZU5	pdb	404
F7ACR9	pdb	404
F7ASG0	pdb	404
F7BFL8	pdb	404
F7BX26	pdb	404
F7C846	pdb	404
F7CB97	pdb	404
F7CCJ3	pdb	404
F7CK55	pdb	404
F7CVW0	pdb	404
F8VPD4	pdb	404
F8VPR5	pdb	404
F8VPV0	pdb	404
F8VQ10	pdb	404
F8VQ87	pdb	404
F8VQC7	pdb	404
F8VQF9	pdb	404
F8VQJ3	pdb	404
F8VSZ4	pdb	404
F8VUC3	pdb	404
F8VWT9	pdb	404
F8VX32	pdb	404
F8VYC4	pdb	404
F8W181	pdb	404
F8W648	pdb	404
F8W6H6	pdb	404
F8W6N8	pdb	404
F8W6X8	pdb	404
F8W703	pdb	404
F8W7V0	pdb	404
F8W8R6	pdb	404
F8W8Y7	pdb	404
F8W950	pdb	404
F8W9B4	pdb	404
F8WA61	pdb	404
F8WAB8	pdb	404
F8WAK8	pdb	404
F8WBH3	pdb	404
F8WCP6	pdb	404
F8WHU5	pdb	404
F8WI56	pdb	404
F8WIE5	pdb	404
F8WJB0	pdb	404
F8WJD4	pdb	404
F8WJE0	pdb	404
G3MU14	pdb	404
G3MU40	pdb	404
G3UW90	pdb	404
G3UWZ0	pdb	404
G3UYG6	pdb	404
G3UYJ7	pdb	404
G3V0G4	pdb	404
G3V0H6	pdb	404
G3V1K3	pdb	404
G3V1L9	pdb	404
G3V1Q1	pdb	404
G3V1S3	pdb	404
G3V3G9	pdb	404
G3V4C9	pdb	404
G3V599	pdb	404
G3V5I3	pdb	404
G3X922	pdb	404
G3X9H5	pdb	404
G3X9L6	pdb	404
G3XA10	pdb	404
G3XA21	pdb	404
G3XA66	pdb	404
G3XAI2	pdb	404
G4SLH0	pdb	404
G5E837	pdb	404
G5E866	pdb	404
G5E896	pdb	404
G5E8J0	pdb	404
G5E8N3	pdb	404
G5E8Q0	pdb	404
G5E924	pdb	404
G5E933	pdb	404
G5E9S4	pdb	404
G5EA03	pdb	404
G5EA52	pdb	404
G5EBH3	pdb	404
G5EC95	pdb	404
G5ECE3	pdb	404
G5ECN3	pdb	404
G5ED16	pdb	404
G5ED25	pdb	404
G5ED27	pdb	404
G5ED93	pdb	404
G5EDU8	pdb	404
G5EF05	pdb	404
G5EFJ0	pdb	404
G5EFJ7	pdb	404
G5EFK5	pdb	404
G5EFM4	pdb	404
G5EG85	pdb	404
G5EGQ8	pdb	404
G8JL73	pdb	404
G8JL88	pdb	404
G8JY40	pdb	404
H0Y2L5	pdb	404
H0Y3A0	pdb	404
H0Y450	pdb	404
H0Y4G9	pdb	404
H0Y5Y0	pdb	404
H0Y612	pdb	404
H0Y6A0	pdb	404
H0Y6F9	pdb	404
H0Y6K2	pdb	404
H0Y750	pdb	404
H0Y760	pdb	404
H0Y7W4	pdb	404
H0Y7W6	pdb	404
H0Y988	pdb	404
H0Y9Q7	pdb	404
H0Y9X0	pdb	404
H0Y9X1	pdb	404
H0YAL2	pdb	404
H0YBU8	pdb	404
H0YCB3	pdb	404
H0YCW6	pdb	404
H0YCY4	pdb	404
H0YD64	pdb	404
H0YDU8	pdb	404
H0YDX6	pdb	404
H0YGL9	pdb	404
H0YHE2	pdb	404
H0YIW2	pdb	404
H0YJV2	pdb	404
H0YLB5	pdb	404
H1ZUX1	pdb	404
H2KYN5	pdb	404
H2KZE9	pdb	404
H2L012	pdb	404
H2L041	pdb	404
H2L052	pdb	404
H2L075	pdb	404
H2L0N6	pdb	404
H3BJ12	pdb	404
H3BK24	pdb	404
H3BLV0	pdb	404
H3BLY2	pdb	404
H3BLZ8	pdb	404
H3BMV2	pdb	404
H3BMW6	pdb	404
H3BNU0	pdb	404
H3BP78	pdb	404
H3BPE1	pdb	404
H3BPK3	pdb	404
H3BQD2	pdb	404
H3BQK9	pdb	404
H3BRV0	pdb	404
H3BS19	pdb	404
H3BT12	pdb	404
H3BUQ2	pdb	404
H7BWZ9	pdb	404
H7BX26	pdb	404
H7BX50	pdb	404
H7BXV2	pdb	404
H7BY58	pdb	404
H7BY64	pdb	404
H7C0L4	pdb	404
H7C0R7	pdb	404
H7C107	pdb	404
H7C1E4	pdb	404
H7C1N3	pdb	404
H7C1U3	pdb	404
H7C2I1	pdb	404
H7C2L4	pdb	404
H7C3T2	pdb	404
H7C4P1	pdb	404
H9G2V4	pdb	404
H9KV15	pdb	404
H9KV61	pdb	404
H9KV90	pdb	404
H9KVB4	pdb	404
I1E4X4	pdb	404
I1E4Y6	pdb	404
I2HA98	pdb	404
I2HAC1	pdb	404
I2HAI6	pdb	404
I3L2B0	pdb	404
I3L2J0	pdb	404
I3L3J8	pdb	404
I3L430	pdb	404
I7EVL1	pdb	404
J3KMH5	pdb	404
J3KMM5	pdb	404
J3KMZ9	pdb	404
J3KN10	pdb	404
J3KN16	pdb	404
J3KN32	pdb	404
J3KN69	pdb	404
J3KND9	pdb	404
J3KNE0	pdb	404
J3KNF3	pdb	404
J3KNF5	pdb	404
J3KNF8	pdb	404
J3KNL3	pdb	404
J3KNL6	pdb	404
J3KNP4	pdb	404
J3KNW0	pdb	404
J3KNW4	pdb	404
J3KNW7	pdb	404
J3KNX9	pdb	404
J3KP22	pdb	404
J3KPL1	pdb	404
J3KPL2	pdb	404
J3KPN1	pdb	404
J3KPW7	pdb	404
J3KQ72	pdb	404
J3KQ73	pdb	404
J3KQA6	pdb	404
J3KQB0	pdb	404
J3KQE0	pdb	404
J3KQG4	pdb	404
J3KQU9	pdb	404
J3KQV8	pdb	404
J3KR86	pdb	404
J3KTJ8	pdb	404
J3QNW0	pdb	404
J3QP80	pdb	404
J3QQK5	pdb	404
J3QRL9	pdb	404
J3QS36	pdb	404
J3QS41	pdb	404
J3QST2	pdb	404
J3QSW6	pdb	404
J3QT87	pdb	404
J3QTJ6	pdb	404
J9JID7	pdb	404
K3W4L0	pdb	404
K3W4P2	pdb	404
K3W4R2	pdb	404
K4DI77	pdb	404
K7EIG1	pdb	404
K7EIN2	pdb	404
K7EKI0	pdb	404
K7EL21	pdb	404
K7EL68	pdb	404
K7ELC7	pdb	404
K7ELJ0	pdb	404
K7EMM4	pdb	404
K7EMY4	pdb	404
K7ENL3	pdb	404
K7EQ99	pdb	404
K7EQL1	pdb	404
K7ER93	pdb	404
K7ES11	pdb	404
K7ES28	pdb	404
K7ESB6	pdb	404
K7ESF4	pdb	404
K8ESF0	pdb	404
L8E6W9	pdb	404
M0QYB1	pdb	404
M0QZM1	pdb	404
M0QZW1	pdb	404
M0R0V1	pdb	404
M0R300	pdb	404
M9NEY8	pdb	404
N1NTN5	pdb	404
N1NVC2	pdb	404
O00124-3	pdb	404
O00154-6	pdb	404
O00165-5	pdb	404
O00267-2	pdb	404
O00429-3	pdb	404
O00429-4	pdb	404
O00468-6	pdb	404
O01768	pdb	404
O01808	pdb	404
O01837	pdb	404
O02065	pdb	404
O14646-2	pdb	404
O14686	pdb	404
O14763-2	pdb	404
O14772-2	pdb	404
O14776-2	pdb	404
O14787-2	pdb	404
O14920-4	pdb	404
O15020-2	pdb	404
O15042-2	pdb	404
O15050	pdb	404
O15164-2	pdb	404
O15294-3	pdb	404
O15460-2	pdb	404
O17244	pdb	404
O31782	pdb	404
O43149	pdb	404
O43172-2	pdb	404
O43303-2	pdb	404
O43314-2	pdb	404
O43663-2	pdb	404
O43820-4	pdb	404
O44128	pdb	404
O44537	pdb	404
O60271-4	pdb	404
O60293-2	pdb	404
O60333-2	pdb	404
O60343-2	pdb	404
O60344	pdb	404
O60344-4	pdb	404
O60504-2	pdb	404
O60506-3	pdb	404
O60524-4	pdb	404
O60547-2	pdb	404
O60613	pdb	404
O60671-2	pdb	404
O60673	pdb	404
O60701-2	pdb	404
O61307	pdb	404
O61768	pdb	404
O62107	pdb	404
O62178	pdb	404
O70325	pdb	404
O75030-12	pdb	404
O75061-4	pdb	404
O75179-2	pdb	404
O75330-2	pdb	404
O75369-2	pdb	404
O75438-2	pdb	404
O75445	pdb	404
O75521-2	pdb	404
O75530-3	pdb	404
O75569-3	pdb	404
O75608-2	pdb	404
O75648-2	pdb	404
O75688-2	pdb	404
O75691	pdb	404
O75882-3	pdb	404
O75962	pdb	404
O76075-2	pdb	404
O76095-2	pdb	404
O76830	pdb	404
O94851-5	pdb	404
O94864-2	pdb	404
O94915	pdb	404
O94916-2	pdb	404
O94925-3	pdb	404
O94941-2	pdb	404
O94964-2	pdb	404
O94966-7	pdb	404
O94967-2	pdb	404
O95071	pdb	404
O95197-3	pdb	404
O95260-2	pdb	404
O95347-2	pdb	404
O95359	pdb	404
O95453-2	pdb	404
O95487-2	pdb	404
O95613	pdb	404
O95644-5	pdb	404
O95671-2	pdb	404
O95714	pdb	404
O95758-7	pdb	404
O95782-2	pdb	404
O95831-3	pdb	404
P00167-2	pdb	404
P00387-2	pdb	404
P00390-2	pdb	404
P01116-2	pdb	404
P01266	pdb	404
P01775	pdb	404
P04114	pdb	404
P04275	pdb	404
P04424-2	pdb	404
P04844-2	pdb	404
P04921-2	pdb	404
P05023-4	pdb	404
P05771-2	pdb	404
P07203	pdb	404
P07954-2	pdb	404
P08107	pdb	404
P08133-2	pdb	404
P08243-2	pdb	404
P08559-3	pdb	404
P08F94	pdb	404
P09543-2	pdb	404
P0CW22	pdb	404
P0DW28	pdb	404
P11171-2	pdb	404
P11171-5	pdb	404
P11352	pdb	404
P11532	pdb	404
P11881	pdb	404
P12111	pdb	404
P12757-3	pdb	404
P12814-2	pdb	404
P13674-2	pdb	404
P13929-3	pdb	404
P14324-2	pdb	404
P14618-2	pdb	404
P15092	pdb	404
P15170-2	pdb	404
P15529-15	pdb	404
P15529-16	pdb	404
P15822	pdb	404
P15924	pdb	404
P16157-5	pdb	404
P16278-3	pdb	404
P16284-3	pdb	404
P17706-2	pdb	404
P18490	pdb	404
P19174-2	pdb	404
P20020-6	pdb	404
P20340-2	pdb	404
P20659	pdb	404
P21333-2	pdb	404
P21359	pdb	404
P21817	pdb	404
P21817-3	pdb	404
P21964-2	pdb	404
P22105	pdb	404
P23219-3	pdb	404
P23634-7	pdb	404
P25054	pdb	404
P26358-2	pdb	404
P26368-2	pdb	404
P28167	pdb	404
P28331-4	pdb	404
P28838-2	pdb	404
P29353-7	pdb	404
P29372-5	pdb	404
P29590-12	pdb	404
P29590-8	pdb	404
P30038-2	pdb	404
P30042	pdb	404
P30044-2	pdb	404
P30460	pdb	404
P31942-2	pdb	404
P31946-2	pdb	404
P31947-2	pdb	404
P32019-3	pdb	404
P32132	pdb	404
P32856-3	pdb	404
P33121-2	pdb	404
P33981-2	pdb	404
P34576	pdb	404
P34896-2	pdb	404
P34897-3	pdb	404
P35240-4	pdb	404
P35250-2	pdb	404
P35613-2	pdb	404
P35658-2	pdb	404
P35790-2	pdb	404
P35992	pdb	404
P36639-4	pdb	404
P36969	pdb	404
P36969-2	pdb	404
P37276	pdb	404
P39060-2	pdb	404
P39880-2	pdb	404
P40337-3	pdb	404
P40763-2	pdb	404
P40806	pdb	404
P40938-2	pdb	404
P41227-2	pdb	404
P41229-3	pdb	404
P42858	pdb	404
P43155-3	pdb	404
P45880-2	pdb	404
P45974-2	pdb	404
P45983-3	pdb	404
P45984-2	pdb	404
P46013	pdb	404
P46100-6	pdb	404
P46108-2	pdb	404
P46412	pdb	404
P46934-4	pdb	404
P46939	pdb	404
P46976-2	pdb	404
P49336-2	pdb	404
P49407-2	pdb	404
P49454	pdb	404
P49589-3	pdb	404
P49757-4	pdb	404
P49792	pdb	404
P50570-4	pdb	404
P50851	pdb	404
P51398-2	pdb	404
P51592	pdb	404
P51610-2	pdb	404
P52272-2	pdb	404
P52630-4	pdb	404
P52739-2	pdb	404
P53367-2	pdb	404
P53384-2	pdb	404
P53675-2	pdb	404
P53990-2	pdb	404
P54619-2	pdb	404
P54886-2	pdb	404
P55060-3	pdb	404
P55735-2	pdb	404
P55824	pdb	404
P56282-2	pdb	404
P57737-3	pdb	404
P58107	pdb	404
P59796	pdb	404
P60604-2	pdb	404
P60882	pdb	404
P60981-2	pdb	404
P61978-3	pdb	404
P62195-2	pdb	404
P62342	pdb	404
P63302	pdb	404
P78347-2	pdb	404
P78527	pdb	404
P78559	pdb	404
P82912-2	pdb	404
P91350	pdb	404
P97364	pdb	404
P98160	pdb	404
Q00174	pdb	404
Q00402	pdb	404
Q00535-2	pdb	404
Q00610-2	pdb	404
Q00653-4	pdb	404
Q00839-2	pdb	404
Q01082-3	pdb	404
Q01484	pdb	404
Q01518-2	pdb	404
Q01968-2	pdb	404
Q02224	pdb	404
Q02224-3	pdb	404
Q02388	pdb	404
Q03001	pdb	404
Q03280	pdb	404
Q04656-5	pdb	404
Q04759-2	pdb	404
Q04833	pdb	404
Q05086-3	pdb	404
Q05470	pdb	404
Q05519-2	pdb	404
Q06210-2	pdb	404
Q06330-5	pdb	404
Q06609-3	pdb	404
Q07866-3	pdb	404
Q07866-6	pdb	404
Q07954	pdb	404
Q08174-2	pdb	404
Q08209-2	pdb	404
Q09028-3	pdb	404
Q09666	pdb	404
Q0KL02	pdb	404
Q0VAN0	pdb	404
Q0VDD8	pdb	404
Q10567-2	pdb	404
Q10567-3	pdb	404
Q12792-4	pdb	404
Q12797-10	pdb	404
Q12800-3	pdb	404
Q12802	pdb	404
Q12830	pdb	404
Q12873-2	pdb	404
Q12906-5	pdb	404
Q12933-3	pdb	404
Q12955	pdb	404
Q12955-5	pdb	404
Q12959-5	pdb	404
Q13017-2	pdb	404
Q13033-2	pdb	404
Q13045-2	pdb	404
Q13085-3	pdb	404
Q13098-7	pdb	404
Q13107-2	pdb	404
Q13137-4	pdb	404
Q13164-2	pdb	404
Q13190-3	pdb	404
Q13310-2	pdb	404
Q13315	pdb	404
Q13330-3	pdb	404
Q13363-2	pdb	404
Q13409-3	pdb	404
Q13432-2	pdb	404
Q13505-3	pdb	404
Q13596-2	pdb	404
Q13618-2	pdb	404
Q13627-2	pdb	404
Q13642-1	pdb	404
Q13724-2	pdb	404
Q13748	pdb	404
Q13951-2	pdb	404
Q13952-3	pdb	404
Q14008-2	pdb	404
Q14116-2	pdb	404
Q14204	pdb	404
Q14315	pdb	404
Q14517	pdb	404
Q14571	pdb	404
Q14643	pdb	404
Q14669-2	pdb	404
Q14697-2	pdb	404
Q14789	pdb	404
Q147X8	pdb	404
Q14814-4	pdb	404
Q14980-2	pdb	404
Q14BN4-2	pdb	404
Q15011-3	pdb	404
Q15029-2	pdb	404
Q15047-3	pdb	404
Q15067-2	pdb	404
Q15070-2	pdb	404
Q15149	pdb	404
Q15149-4	pdb	404
Q15233-2	pdb	404
Q15345-3	pdb	404
Q15413	pdb	404
Q15642-2	pdb	404
Q15751	pdb	404
Q15772	pdb	404
Q15831-2	pdb	404
Q15833-2	pdb	404
Q15911	pdb	404
Q16222-3	pdb	404
Q16401-2	pdb	404
Q16513-3	pdb	404
Q16555-2	pdb	404
Q16656-2	pdb	404
Q16787	pdb	404
Q16881	pdb	404
Q16891-2	pdb	404
Q17325	pdb	404
Q17384	pdb	404
Q17490	pdb	404
Q17550	pdb	404
Q17RU2	pdb	404
Q19020	pdb	404
Q1W0R7	pdb	404
Q20260	pdb	404
Q20531	pdb	404
Q23080	pdb	404
Q23409	pdb	404
Q23410	pdb	404
Q23412	pdb	404
Q23551	pdb	404
Q27J81-2	pdb	404
Q2AAB7	pdb	404
Q2HZ94	pdb	404
Q2KHT3-2	pdb	404
Q2M2I8-2	pdb	404
Q33BL4	pdb	404
Q3L8U1	pdb	404
Q3L8U1-2	pdb	404
Q3TB24	pdb	404
Q3U2W2	pdb	404
Q3U3D8	pdb	404
Q3U647	pdb	404
Q3UH06	pdb	404
Q3UH70	pdb	404
Q3UJA1	pdb	404
Q3UQA7	pdb	404
Q3UW66	pdb	404
Q3V5I8	pdb	404
Q3V6T2-2	pdb	404
Q3ZAQ4	pdb	404
Q495W5-2	pdb	404
Q499X7	pdb	404
Q49AN0-2	pdb	404
Q4FE56	pdb	404
Q4FK30	pdb	404
Q4G148-2	pdb	404
Q4J6C6-4	pdb	404
Q4LDE5	pdb	404
Q4LE39-3	pdb	404
Q4ZIN3-2	pdb	404
Q52KC3	pdb	404
Q52KR3	pdb	404
Q52LJ0-2	pdb	404
Q53EL6-2	pdb	404
Q53TN4-3	pdb	404
Q58A45-4	pdb	404
Q58AA9	pdb	404
Q5DTE8	pdb	404
Q5FBB7-5	pdb	404
Q5GLZ8-3	pdb	404
Q5H8C4	pdb	404
Q5JPE7-2	pdb	404
Q5JS74	pdb	404
Q5JSH3-2	pdb	404
Q5JTH9-2	pdb	404
Q5JU85-3	pdb	404
Q5JUE6	pdb	404
Q5JVG8-2	pdb	404
Q5QP74	pdb	404
Q5QPK7	pdb	404
Q5R363	pdb	404
Q5R372-4	pdb	404
Q5RIM6	pdb	404
Q5SV02	pdb	404
Q5SVK8	pdb	404
Q5SW79-3	pdb	404
Q5SWX8-2	pdb	404
Q5SXG1	pdb	404
Q5SXR6	pdb	404
Q5T011	pdb	404
Q5T011-5	pdb	404
Q5T200-2	pdb	404
Q5T2R2-3	pdb	404
Q5T4S7	pdb	404
Q5T4S7-3	pdb	404
Q5T5C0-3	pdb	404
Q5T6S3-2	pdb	404
Q5T7F6	pdb	404
Q5T8D3-2	pdb	404
Q5T8P6-3	pdb	404
Q5TBA9	pdb	404
Q5TBP5	pdb	404
Q5TCQ9-4	pdb	404
Q5TCW7	pdb	404
Q5TDC5	pdb	404
Q5THJ4	pdb	404
Q5VSL9-2	pdb	404
Q5VST9	pdb	404
Q5VT06	pdb	404
Q5VT94	pdb	404
Q5VTU3	pdb	404
Q5VV67-2	pdb	404
Q5VVC9	pdb	404
Q5VVD7	pdb	404
Q5W026	pdb	404
Q5W0V3-2	pdb	404
Q5WRQ0	pdb	404
Q5XUX1-3	pdb	404
Q62388	pdb	404
Q62504	pdb	404
Q63HN8	pdb	404
Q63ZY3-3	pdb	404
Q658P3-3	pdb	404
Q65ZH5	pdb	404
Q65ZI9	pdb	404
Q68E01-2	pdb	404
Q69YJ1	pdb	404
Q6A099	pdb	404
Q6BEV4	pdb	404
Q6IA86-2	pdb	404
Q6KC79	pdb	404
Q6KCD5	pdb	404
Q6L0N7	pdb	404
Q6L182	pdb	404
Q6MZV4	pdb	404
Q6N022	pdb	404
Q6NUK4-2	pdb	404
Q6NUQ4-2	pdb	404
Q6NZ53	pdb	404
Q6P1N0-2	pdb	404
Q6P6B7-2	pdb	404
Q6P6C2-3	pdb	404
Q6PID8-2	pdb	404
Q6PIW4-2	pdb	404
Q6PK81-2	pdb	404
Q6PNC0	pdb	404
Q6Q0C0-2	pdb	404
Q6Q4G5	pdb	404
Q6QHF9-4	pdb	404
Q6V1P9	pdb	404
Q6YN16-2	pdb	404
Q6YP21-3	pdb	404
Q6ZN18-2	pdb	404
Q6ZN19-3	pdb	404
Q6ZNJ1	pdb	404
Q6ZRS2	pdb	404
Q6ZRS2-3	pdb	404
Q6ZS81	pdb	404
Q6ZTR5	pdb	404
Q6ZW49-4	pdb	404
Q709C8	pdb	404
Q709C8-3	pdb	404
Q70CQ2	pdb	404
Q70PP2	pdb	404
Q70UQ0-4	pdb	404
Q70Z53-2	pdb	404
Q71RG4-3	pdb	404
Q71U36-2	pdb	404
Q72GB8	pdb	404
Q72GP2	pdb	404
Q72IM8	pdb	404
Q746C7	pdb	404
Q7KHA1	pdb	404
Q7L099-2	pdb	404
Q7RTN6-6	pdb	404
Q7TMY8	pdb	404
Q7TNY3	pdb	404
Q7TT21	pdb	404
Q7YZH1	pdb	404
Q7Z407	pdb	404
Q7Z4G4-2	pdb	404
Q7Z591-5	pdb	404
Q7Z5G4-3	pdb	404
Q7Z5P9	pdb	404
Q7Z650	pdb	404
Q7Z6Z7	pdb	404
Q7Z6Z7-2	pdb	404
Q7Z721	pdb	404
Q7Z7A1-5	pdb	404
Q7Z7G8	pdb	404
Q7Z7H5-3	pdb	404
Q7Z7M0	pdb	404
Q802F5	pdb	404
Q80XU2	pdb	404
Q86BA1	pdb	404
Q86NB3	pdb	404
Q86UE8-2	pdb	404
Q86UK7-2	pdb	404
Q86UV5-2	pdb	404
Q86UX7-2	pdb	404
Q86UY8-2	pdb	404
Q86VN1-2	pdb	404
Q86VP1-2	pdb	404
Q86VQ6	pdb	404
Q86VX2-2	pdb	404
Q86WI1	pdb	404
Q86X55-1	pdb	404
Q86X76-2	pdb	404
Q86XK3-3	pdb	404
Q86Y07-4	pdb	404
Q86Y56-2	pdb	404
Q86YN1-2	pdb	404
Q86YS3-2	pdb	404
Q8BX70	pdb	404
Q8CEJ2	pdb	404
Q8CFB8	pdb	404
Q8CHI8	pdb	404
Q8H0T4	pdb	404
Q8IA49	pdb	404
Q8IN94	pdb	404
Q8IUH3-2	pdb	404
Q8IVF2	pdb	404
Q8IVF4	pdb	404
Q8IVT1	pdb	404
Q8IVW6-4	pdb	404
Q8IW41-2	pdb	404
Q8IWV8-4	pdb	404
Q8IWW6-4	pdb	404
Q8IWZ3-2	pdb	404
Q8IWZ3-6	pdb	404
Q8IX04-6	pdb	404
Q8IX12-2	pdb	404
Q8IX18-3	pdb	404
Q8IXB1-2	pdb	404
Q8IXI2-4	pdb	404
Q8IXJ6-2	pdb	404
Q8IY22-3	pdb	404
Q8IYB5-3	pdb	404
Q8IYW2	pdb	404
Q8IZH2-2	pdb	404
Q8IZQ1	pdb	404
Q8IZQ5	pdb	404
Q8IZT6	pdb	404
Q8MPS2	pdb	404
Q8MSS1	pdb	404
Q8MUM1	pdb	404
Q8MXS2	pdb	404
Q8N108-17	pdb	404
Q8N2C7	pdb	404
Q8N2G8-3	pdb	404
Q8N3C0-4	pdb	404
Q8N3J3-4	pdb	404
Q8N3K9	pdb	404
Q8N3R9-2	pdb	404
Q8N490-4	pdb	404
Q8N4N3-2	pdb	404
Q8N573-8	pdb	404
Q8N5G0-2	pdb	404
Q8N655	pdb	404
Q8N684-2	pdb	404
Q8N766-4	pdb	404
Q8N7B7	pdb	404
Q8NA72-3	pdb	404
Q8NB15-2	pdb	404
Q8NB49-2	pdb	404
Q8NCA5-2	pdb	404
Q8NCE0-2	pdb	404
Q8NCM8	pdb	404
Q8ND76-3	pdb	404
Q8NDA2	pdb	404
Q8NDI1-3	pdb	404
Q8NDX1-2	pdb	404
Q8NDZ9	pdb	404
Q8NEL9-2	pdb	404
Q8NEP4	pdb	404
Q8NEZ4	pdb	404
Q8NF91	pdb	404
Q8NFC6	pdb	404
Q8NFF5-2	pdb	404
Q8NFP9	pdb	404
Q8NG11-2	pdb	404
Q8NHH9-3	pdb	404
Q8NI08-2	pdb	404
Q8SX83	pdb	404
Q8T3D2	pdb	404
Q8TAA9-2	pdb	404
Q8TAT6-2	pdb	404
Q8TBB5-3	pdb	404
Q8TBE0-3	pdb	404
Q8TC07-2	pdb	404
Q8TCT9-5	pdb	404
Q8TCU4	pdb	404
Q8TD26	pdb	404
Q8TD55-2	pdb	404
Q8TD57	pdb	404
Q8TDJ6	pdb	404
Q8TDY2-2	pdb	404
Q8TE04-2	pdb	404
Q8TE73	pdb	404
Q8TEW0-4	pdb	404
Q8TF05-2	pdb	404
Q8VHC3	pdb	404
Q8VHX6	pdb	404
Q8WQE0	pdb	404
Q8WU76-2	pdb	404
Q8WUA4-2	pdb	404
Q8WUE5-2	pdb	404
Q8WUI4-3	pdb	404
Q8WVN8-3	pdb	404
Q8WWB7-2	pdb	404
Q8WWW0-3	pdb	404
Q8WWX9	pdb	404
Q8WXA9-2	pdb	404
Q8WXE1-5	pdb	404
Q8WXG9	pdb	404
Q8WXH0	pdb	404
Q8WXI7	pdb	404
Q8WXX0	pdb	404
Q91ZE6	pdb	404
Q91ZX7	pdb	404
Q92598-2	pdb	404
Q92664-2	pdb	404
Q92736	pdb	404
Q92851-6	pdb	404
Q92859-3	pdb	404
Q92888-3	pdb	404
Q92973-2	pdb	404
Q93008-1	pdb	404
Q93442	pdb	404
Q95QZ7	pdb	404
Q95XU3	pdb	404
Q969P0-3	pdb	404
Q969S9-2	pdb	404
Q969T7-2	pdb	404
Q969Y2-3	pdb	404
Q96A33-2	pdb	404
Q96BW5-2	pdb	404
Q96C92-4	pdb	404
Q96CU9-3	pdb	404
Q96CW1-2	pdb	404
Q96CW5-3	pdb	404
Q96DA6-2	pdb	404
Q96DT5	pdb	404
Q96DZ1-2	pdb	404
Q96E11-3	pdb	404
Q96EY1-2	pdb	404
Q96F44-3	pdb	404
Q96FT9-3	pdb	404
Q96G53	pdb	404
Q96GM5-2	pdb	404
Q96HA7-2	pdb	404
Q96HJ9-2	pdb	404
Q96HN2-2	pdb	404
Q96HS1-2	pdb	404
Q96IV0-3	pdb	404
Q96J02-2	pdb	404
Q96JB1	pdb	404
Q96JB2-2	pdb	404
Q96JB5-2	pdb	404
Q96JC1-2	pdb	404
Q96KA5-2	pdb	404
Q96L91	pdb	404
Q96L92-3	pdb	404
Q96L93-5	pdb	404
Q96LA8-2	pdb	404
Q96M86	pdb	404
Q96ME1-4	pdb	404
Q96N66-3	pdb	404
Q96P16-3	pdb	404
Q96P48-3	pdb	404
Q96PE3-3	pdb	404
Q96PU5-2	pdb	404
Q96PU8-9	pdb	404
Q96Q11-2	pdb	404
Q96Q15	pdb	404
Q96Q45-2	pdb	404
Q96Q89-4	pdb	404
Q96QZ7-6	pdb	404
Q96RL7	pdb	404
Q96RL7-4	pdb	404
Q96RS6-2	pdb	404
Q96RU2-2	pdb	404
Q96RW7	pdb	404
Q96S19-3	pdb	404
Q96S55-2	pdb	404
Q96SH1	pdb	404
Q96SI1-2	pdb	404
Q96SN8-4	pdb	404
Q96SZ6-2	pdb	404
Q96T23-2	pdb	404
Q96T58	pdb	404
Q96TA1-2	pdb	404
Q96TA2-3	pdb	404
Q99504-2	pdb	404
Q99611	pdb	404
Q99698	pdb	404
Q99700-4	pdb	404
Q99715	pdb	404
Q99735-2	pdb	404
Q99767-2	pdb	404
Q99871-3	pdb	404
Q99941-2	pdb	404
Q99996	pdb	404
Q99996-5	pdb	404
Q99M46	pdb	404
Q9BQE4	pdb	404
Q9BQI3-2	pdb	404
Q9BQS7-2	pdb	404
Q9BRQ8-2	pdb	404
Q9BRR0-2	pdb	404
Q9BRR6-2	pdb	404
Q9BT25-2	pdb	404
Q9BTE3-2	pdb	404
Q9BUB5-2	pdb	404
Q9BUK6-2	pdb	404
Q9BV68-2	pdb	404
Q9BV73-2	pdb	404
Q9BVL4	pdb	404
Q9BVV6-2	pdb	404
Q9BWW4-2	pdb	404
Q9BXP5-4	pdb	404
Q9BXT5	pdb	404
Q9BXW7-2	pdb	404
Q9BXW9-3	pdb	404
Q9BY32-2	pdb	404
Q9BYX2-4	pdb	404
Q9BZ23-3	pdb	404
Q9BZD3	pdb	404
Q9BZF3-2	pdb	404
Q9C037-2	pdb	404
Q9C0G6	pdb	404
Q9C0I1-3	pdb	404
Q9DBC0	pdb	404
Q9ERR7	pdb	404
Q9ERU9	pdb	404
Q9ESE1	pdb	404
Q9GUP2	pdb	404
Q9GZI3	pdb	404
Q9GZY8-2	pdb	404
Q9H078-2	pdb	404
Q9H0P0-3	pdb	404
Q9H0S4-2	pdb	404
Q9H0W8-2	pdb	404
Q9H1H9-3	pdb	404
Q9H1P3-2	pdb	404
Q9H251	pdb	404
Q9H2G2-2	pdb	404
Q9H330-2	pdb	404
Q9H3U5-4	pdb	404
Q9H4L5-2	pdb	404
Q9H4P4-2	pdb	404
Q9H5V9-2	pdb	404
Q9H7D7-2	pdb	404
Q9H974-2	pdb	404
Q9H9A5-5	pdb	404
Q9H9T3-2	pdb	404
Q9H9V9-2	pdb	404
Q9HBD4	pdb	404
Q9HBI1-3	pdb	404
Q9HC38-2	pdb	404
Q9HCN4-3	pdb	404
Q9HD47-2	pdb	404
Q9I7U4	pdb	404
Q9JHU4	pdb	404
Q9JJQ6	pdb	404
Q9JLJ1	pdb	404
Q9N2M8	pdb	404
Q9N3K6	pdb	404
Q9N5X8	pdb	404
Q9NA30	pdb	404
Q9NAH1	pdb	404
Q9NDJ2	pdb	404
Q9NNW7	pdb	404
Q9NP31-3	pdb	404
Q9NPA5	pdb	404
Q9NPJ3-2	pdb	404
Q9NPQ8-4	pdb	404
Q9NQ29-3	pdb	404
Q9NQH7-2	pdb	404
Q9NQT5-2	pdb	404
Q9NQW7-3	pdb	404
Q9NR09	pdb	404
Q9NR28-2	pdb	404
Q9NR48	pdb	404
Q9NRC6	pdb	404
Q9NRF2-3	pdb	404
Q9NSG2-3	pdb	404
Q9NSI8-3	pdb	404
Q9NU22	pdb	404
Q9NUN5-4	pdb	404
Q9NV70-2	pdb	404
Q9NV88-3	pdb	404
Q9NVH0-2	pdb	404
Q9NVH1-3	pdb	404
Q9NVH6-7	pdb	404
Q9NVM4-3	pdb	404
Q9NVU0-3	pdb	404
Q9NVX0-3	pdb	404
Q9NW13-2	pdb	404
Q9NW21	pdb	404
Q9NX02-5	pdb	404
Q9NX07-2	pdb	404
Q9NXN4-2	pdb	404
Q9NXR7-4	pdb	404
Q9NY93-2	pdb	404
Q9NYC9	pdb	404
Q9NYK6-3	pdb	404
Q9NYQ6	pdb	404
Q9NYQ8	pdb	404
Q9NYU2-2	pdb	404
Q9NYV4-2	pdb	404
Q9NZA1-3	pdb	404
Q9NZD8-2	pdb	404
Q9NZJ4	pdb	404
Q9NZL9-2	pdb	404
Q9NZM3-2	pdb	404
Q9NZN5-2	pdb	404
Q9NZR2	pdb	404
Q9NZT2-2	pdb	404
Q9P1U1-2	pdb	404
Q9P225	pdb	404
Q9P287-2	pdb	404
Q9P2D1	pdb	404
Q9P2D6-3	pdb	404
Q9P2K8-3	pdb	404
Q9P2W1-2	pdb	404
Q9QXS1	pdb	404
Q9QXZ0	pdb	404
Q9TYP3	pdb	404
Q9TYZ1	pdb	404
Q9U2V9	pdb	404
Q9UAN9	pdb	404
Q9UB28	pdb	404
Q9UBB6-2	pdb	404
Q9UBC2-2	pdb	404
Q9UBF8-2	pdb	404
Q9UBK8-2	pdb	404
Q9UBL3-3	pdb	404
Q9UBP0-3	pdb	404
Q9UDY2-3	pdb	404
Q9UER7-3	pdb	404
Q9UET6-2	pdb	404
Q9UFH2	pdb	404
Q9UGI8-2	pdb	404
Q9UGJ1-2	pdb	404
Q9UHB4-3	pdb	404
Q9UHX1-4	pdb	404
Q9UIQ6-3	pdb	404
Q9UIV1-2	pdb	404
Q9UJU2-2	pdb	404
Q9UJX2-3	pdb	404
Q9UJX6-2	pdb	404
Q9UJY5-4	pdb	404
Q9UK23-2	pdb	404
Q9UK53-3	pdb	404
Q9UK61-2	pdb	404
Q9UKE5-2	pdb	404
Q9UKN7	pdb	404
Q9UL54-2	pdb	404
Q9ULP9-2	pdb	404
Q9ULZ3-2	pdb	404
Q9UMN6	pdb	404
Q9UMY4-2	pdb	404
Q9UN36-2	pdb	404
Q9UN86-2	pdb	404
Q9UNF0-2	pdb	404
Q9UNM6-2	pdb	404
Q9UNY4-2	pdb	404
Q9UP52-3	pdb	404
Q9UP83-3	pdb	404
Q9UPN3	pdb	404
Q9UPY8-2	pdb	404
Q9UQ13-2	pdb	404
Q9UQ35	pdb	404
Q9UQB8-2	pdb	404
Q9VCA8	pdb	404
Q9VDW6	pdb	404
Q9VLT5	pdb	404
Q9VT28	pdb	404
Q9VYB0	pdb	404
Q9XWZ9	pdb	404
Q9XZQ2	pdb	404
Q9XZQ7	pdb	404
Q9Y223-3	pdb	404
Q9Y281-3	pdb	404
Q9Y2G2-4	pdb	404
Q9Y2H0-3	pdb	404
Q9Y2J2-2	pdb	404
Q9Y2S0	pdb	404
Q9Y2Z2-2	pdb	404
Q9Y320-2	pdb	404
Q9Y394-2	pdb	404
Q9Y3A3-2	pdb	404
Q9Y3B3-2	pdb	404
Q9Y3C4-2	pdb	404
Q9Y3E7-4	pdb	404
Q9Y3Z3-3	pdb	404
Q9Y485	pdb	404
Q9Y4A5	pdb	404
Q9Y4B6-3	pdb	404
Q9Y4C2-2	pdb	404
Q9Y4D8	pdb	404
Q9Y4P1-6	pdb	404
Q9Y5B0-4	pdb	404
Q9Y5B8-2	pdb	404
Q9Y5K5-2	pdb	404
Q9Y5T5-2	pdb	404
Q9Y679-2	pdb	404
Q9Y697-2	pdb	404
Q9Y6D0	pdb	404
Q9Y6I3-3	pdb	404
Q9Y6V0	pdb	404
Q9Y6X9-2	pdb	404
Q9Z329	pdb	404
R4GMM1	pdb	404
R4GN35	pdb	404
R4GN55	pdb	404
R4GNB2	pdb	404
R4YJK5	pdb	404
R4YJQ7	pdb	404
R4YJW0	pdb	404
R4YL36	pdb	404
R4YLE5	pdb	404
R4YM41	pdb	404
R4YMW0	pdb	404
R4YMX6	pdb	404
R4YNC6	pdb	404
R4YP48	pdb	404
R4YP59	pdb	404
R4YQF8	pdb	404
R4YQM5	pdb	404
R4YR72	pdb	404
R4YRX2	pdb	404
R4YT00	pdb	404
R4YT03	pdb	404
R4YTD2	pdb	404
R4YTI6	pdb	404
R4YU65	pdb	404
R4YUF8	pdb	404
S4R1L5	pdb	404
S5ZDJ9	pdb	404
U4PM26	pdb	404
U4PRC7	pdb	404
V6CIS4	pdb	404
V6CLC9	pdb	404
V6CLV8	pdb	404
V9GX21	pdb	404
V9GX26	pdb	404
X1WFB0	pdb	404
X5LVB3	pdb	404
Z4YJZ7	pdb	404
Z4YL78	pdb	404
Z4YLI8	pdb	404
