A0A0A0MPG3	empty
A0A0B4J1K8	empty
A0A0J9YIW4	empty
A0A0K2H409	empty
A0A0K2H416	empty
A0A0K2H440	empty
A0A0K2H450	empty
A0A0K2H482	empty
A0A0K2H4B6	empty
A0A0K2H4C3	empty
A0A0K2H4F8	empty
A0A0K2H4H8	empty
A0A0K2H4L3	empty
A0A0K2H4P8	empty
A0A0K2H4Q8	empty
A0A0K2H4T3	empty
A0A0K2H4T8	empty
A0A0K2H4U2	empty
A0A0K2H4U6	empty
A0A0K2H4V9	empty
A0A0K2H4W0	empty
A0A0K2H4W1	empty
A0A0K2H4W4	empty
A0A0K2H4W7	empty
A0A0K2H4W9	empty
A0A0K2H4X4	empty
A0A0K2H4Y0	empty
A0A0K2H4Y3	empty
A0A0K2H4Y7	empty
A0A0K2H4Y8	empty
A0A0K2H4Z0	empty
A0A0K2H4Z5	empty
A0A0K2H4Z9	empty
A0A0K2H509	empty
A0A0K2H511	empty
A0A0K2H513	empty
A0A0K2H514	empty
A0A0K2H519	empty
A0A0K2H521	empty
A0A0K2H523	empty
A0A0K2H524	empty
A0A0K2H533	empty
A0A0K2H535	empty
A0A0K2H545	empty
A0A0K2H551	empty
A0A0K2H554	empty
A0A0K2H563	empty
A0A0K2H564	empty
A0A0K2H568	empty
A0A0K2H569	empty
A0A0K2H570	empty
A0A0K2H574	empty
A0A0K2H576	empty
A0A0K2H577	empty
A0A0K2H582	empty
A0A0K2H586	empty
A0A0K2H594	empty
A0A0K2H597	empty
A0A0K2H598	empty
A0A0K2H599	empty
A0A0K2H5A0	empty
A0A0K2H5A1	empty
A0A0K2H5A2	empty
A0A0K2H5A5	empty
A0A0K2H5A6	empty
A0A0K2H5A7	empty
A0A0K2H5B2	empty
A0A0K2H5B7	empty
A0A0K2H5C2	empty
A0A0K2H5C3	empty
A0A0K2H5D0	empty
A0A0K2H5D4	empty
A0A0K2H5D5	empty
A0A0K2H5D6	empty
A0A0K2H5D8	empty
A0A0K2H5D9	empty
A0A0K2H5E0	empty
A0A0K2H5E3	empty
A0A0K2H5E7	empty
A0A0K2H5F1	empty
A0A0K2H5F5	empty
A0A0K2H5F7	empty
A0A0K2H5F8	empty
A0A0K2H5G3	empty
A0A0K2H5G4	empty
A0A0K2H5G9	empty
A0A0K2H5H0	empty
A0A0K2H5H5	empty
A0A0K2H5H6	empty
A0A0K2H5I0	empty
A0A0K2H5J1	empty
A0A0K2H5J7	empty
A0A0K2H5J8	empty
A0A0K2H5K6	empty
A0A0K2H5L1	empty
A0A0K2H5L4	empty
A0A0K2H5L8	empty
A0A0K2H5M1	empty
A0A0K2H5N5	empty
A0A0K2H5Q4	empty
A0A0K2H5Q9	empty
A0A0K2H5R2	empty
A0A0K2H5S5	empty
A0A0K2H5S9	empty
A0A0K2H5T6	empty
A0A0K2H5U1	empty
A0A0K2H5U3	empty
A0A0K2H5U7	empty
A0A0K2H5U8	empty
A0A0K2H5U9	empty
A0A0K2H5V1	empty
A0A0K2H5V8	empty
A0A0K2H5W4	empty
A0A0K2H5W8	empty
A0A0K2H5X0	empty
A0A0K2H5X4	empty
A0A0K2H5Y3	empty
A0A0K2H5Y7	empty
A0A0K2H5Z1	empty
A0A0K2H5Z3	empty
A0A0K2H5Z5	empty
A0A0K2H600	empty
A0A0K2H602	empty
A0A0K2H606	empty
A0A0K2H612	empty
A0A0K2H619	empty
A0A0K2H622	empty
A0A0K2H626	empty
A0A0K2H628	empty
A0A0K2H634	empty
A0A0K2H640	empty
A0A0K2H642	empty
A0A0K2H643	empty
A0A0K2H646	empty
A0A0K2H648	empty
A0A0K2H655	empty
A0A0K2H657	empty
A0A0K2H658	empty
A0A0K2H660	empty
A0A0K2H662	empty
A0A0K2H663	empty
A0A0K2H666	empty
A0A0K2H673	empty
A0A0K2H675	empty
A0A0K2H676	empty
A0A0K2H677	empty
A0A0K2H682	empty
A0A0K2H684	empty
A0A0K2H692	empty
A0A0K2H695	empty
A0A0K2H697	empty
A0A0K2H698	empty
A0A0K2H699	empty
A0A0K2H6A3	empty
A0A0K2H6A9	empty
A0A0K2H6B0	empty
A0A0K2H6C1	empty
A0A0K2H6C7	empty
A0A0K2H6C8	empty
A0A0K2H6D0	empty
A0A0K2H6D1	empty
A0A0K2H6E7	empty
A0A0K2H6E8	empty
A0A0K2H6F0	empty
A0A0K2H6F2	empty
A0A0K2H6F4	empty
A0A0K2H6G6	empty
A0A0K2H6G7	empty
A0A0K2H6G8	empty
A0A0K2H6H0	empty
A0A0K2H6H1	empty
A0A0K2H6H6	empty
A0A0K2H6H7	empty
A0A0K2H6I5	empty
A0A0K2H6I6	empty
A0A0K2H6I9	empty
A0A0K2H6J0	empty
A0A0K2H6K2	empty
A0A0K2H6K6	empty
A0A0K2H6L2	empty
A0A0K2H6L3	empty
A0A0K2H6L9	empty
A0A0K2H6M0	empty
A0A0K2H6M2	empty
A0A0K2H6M4	empty
A0A0K2H6M6	empty
A0A0K2H6N0	empty
A0A0K2H6N6	empty
A0A0K2H6P1	empty
A0A0K2H6P2	empty
A0A0K2H6Q0	empty
A0A0K2H6Q4	empty
A0A0K2H6Q6	empty
A0A0K2H6Q8	empty
A0A0K2H6S1	empty
A0A0K2H6S9	empty
A0A0K2H6T3	empty
A0A0K2H6U0	empty
A0A0K2H6U1	empty
A0A0K2H6U5	empty
A0A0K2H6U9	empty
A0A0K2H6V0	empty
A0A0K2H6V5	empty
A0A0K2H6W1	empty
A0A0K2H6W2	empty
A0A0K2H6W3	empty
A0A0K2H6W4	empty
A0A0K2H6W7	empty
A0A0K2H6W9	empty
A0A0K2H6Y0	empty
A0A0K2H6Z4	empty
A0A0K2H6Z6	empty
A0A0K2H6Z9	empty
A0A0K2H700	empty
A0A0K2H708	empty
A0A0K2H712	empty
A0A0K2H717	empty
A0A0K2H734	empty
A0A0K2H741	empty
A0A0K2H755	empty
A0A0K2H756	empty
A0A0K2H758	empty
A0A0K2H765	empty
A0A0K2H766	empty
A0A0K2H770	empty
A0A0K2H773	empty
A0A0K2H775	empty
A0A0K2H776	empty
A0A0K2H783	empty
A0A0K2H785	empty
A0A0K2H788	empty
A0A0K2H792	empty
A0A0K2H797	empty
A0A0K2H799	empty
A0A0K2H7A3	empty
A0A0K2H7A6	empty
A0A0K2H7B3	empty
A0A0K2H7B6	empty
A0A0K2H7C3	empty
A0A0K2H7C6	empty
A0A0K2H7C8	empty
A0A0K2H7D2	empty
A0A0K2H7D8	empty
A0A0K2H7E9	empty
A0A0K2H7F1	empty
A0A0K2H7F2	empty
A0A0K2H7F7	empty
A0A0K2H7F9	empty
A0A0K2H7G5	empty
A0A0K2H7G7	empty
A0A0K2H7H1	empty
A0A0K2H7H2	empty
A0A0K2H7H4	empty
A0A0K2H7H5	empty
A0A0K2H7H7	empty
A0A0K2H7I3	empty
A0A0K2H7I5	empty
A0A0K2H7J0	empty
A0A0K2H7J6	empty
A0A0K2H7J7	empty
A0A0K2H7K0	empty
A0A0K2H7K4	empty
A0A0K2H7K5	empty
A0A0K2H7K9	empty
A0A0K2H7L7	empty
A0A0K2H7L9	empty
A0A0K2H7M8	empty
A0A0K2H7N8	empty
A0A0K2H7P3	empty
A0A0K2H7P5	empty
A0A0K2H7R0	empty
A0A0K2H7R8	empty
A0A0K2H7S4	empty
A0A0K2H7S5	empty
A0A0K2H7U4	empty
A0A0K2H7U6	empty
A0A0K2H7U8	empty
A0A0K2H7V2	empty
A0A0K2H7Y2	empty
A0A0K2H7Z2	empty
A0A0K2H805	empty
A0A0K2H812	empty
A0A0K2H816	empty
A0A0K2H820	empty
A0A0K2H822	empty
A0A0K2H825	empty
A0A0K2H826	empty
A0A0K2H851	empty
A0A0K2H889	empty
A0A0K2H890	empty
A0A0K2H891	empty
A0A0K2H8A5	empty
A0A0K2H8A7	empty
A0A0K2H8B0	empty
A0A0K2H8B3	empty
A0A0K2H8B8	empty
A0A0K2H8C2	empty
A0A0K2H8C7	empty
A0A0K2H8D1	empty
A0A0K2H8E1	empty
A0A0K2H8E3	empty
A0A0K2H8F1	empty
A0A0K2H8G2	empty
A0A0K2H8G3	empty
A0A0K2H8G5	empty
A0A0K2H8G9	empty
A0A0K2H8H0	empty
A0A0K2H8I2	empty
A0A0K2H8I6	empty
A0A0K2H8I7	empty
A0A0K2H8I8	empty
A0A0K2H8J7	empty
A0A0K2H8K0	empty
A0A0K2H8K6	empty
A0A0K2H8L2	empty
A0A0K2H8M4	empty
A0A0K2H8M7	empty
A0A0K2H8M8	empty
A0A0K2H8N2	empty
A0A0K2H8P4	empty
A0A0K2H8P6	empty
A0A0K2H8Q0	empty
A0A0K2H8Q6	empty
A0A0K2H8Q7	empty
A0A0K2H8Q8	empty
A0A0K2H8R2	empty
A0A0K2H8R4	empty
A0A0K2H8R5	empty
A0A0K2H8R8	empty
A0A0K2H8S1	empty
A0A0K2H8S4	empty
A0A0K2H8S5	empty
A0A0K2H8S8	empty
A0A0K2H8T2	empty
A0A0K2H8T4	empty
A0A0K2H8T5	empty
A0A0K2H8T8	empty
A0A0K2H8U3	empty
A0A0K2H8U6	empty
A0A0K2H8U9	empty
A0A0K2H8V2	empty
A0A0K2H8V7	empty
A0A0K2H8V9	empty
A0A0K2H8W1	empty
A0A0K2H8W2	empty
A0A0K2H8W5	empty
A0A0K2H8W6	empty
A0A0K2H8W9	empty
A0A0K2H8X0	empty
A0A0K2H8X4	empty
A0A0K2H8X6	empty
A0A0K2H8X9	empty
A0A0K2H8Y3	empty
A0A0K2H8Y6	empty
A0A0K2H8Y7	empty
A0A0K2H8Z2	empty
A0A0K2H8Z7	empty
A0A0K2H8Z9	empty
A0A0K2H900	empty
A0A0K2H908	empty
A0A0K2H927	empty
A0A0K2H928	empty
A0A0K2H939	empty
A0A0K2H940	empty
A0A0K2H944	empty
A0A0K2H961	empty
A0A0K2H965	empty
A0A0K2H966	empty
A0A0K2H970	empty
A0A0K2H972	empty
A0A0K2H973	empty
A0A0K2H975	empty
A0A0K2H976	empty
A0A0K2H979	empty
A0A0K2H988	empty
A0A0K2H992	empty
A0A0K2H999	empty
A0A0K2H9A3	empty
A0A0K2H9B5	empty
A0A0K2H9B9	empty
A0A0K2H9C1	empty
A0A0K2H9C7	empty
A0A0K2H9C8	empty
A0A0K2H9D4	empty
A0A0K2H9D5	empty
A0A0K2H9E4	empty
A0A0K2H9G3	empty
A0A0K2H9G7	empty
A0A0K2H9I4	empty
A0A0K2H9I7	empty
A0A0K2H9I9	empty
A0A0K2H9J6	empty
A0A0K2H9K2	empty
A0A0K2H9L0	empty
A0A0K2H9L4	empty
A0A0K2H9L5	empty
A0A0K2H9L6	empty
A0A0K2H9L9	empty
A0A0K2H9M4	empty
A0A0K2H9M9	empty
A0A0K2H9N1	empty
A0A0K2H9P1	empty
A0A0K2H9Q1	empty
A0A0K2H9Q2	empty
A0A0K2H9R8	empty
A0A0K2H9R9	empty
A0A0K2H9T0	empty
A0A0K2H9T2	empty
A0A0K2H9T3	empty
A0A0K2H9T5	empty
A0A0K2H9T9	empty
A0A0K2H9U6	empty
A0A0K2H9U8	empty
A0A0K2H9U9	empty
A0A0K2H9V1	empty
A0A0K2H9V7	empty
A0A0K2H9W1	empty
A0A0K2H9W5	empty
A0A0K2H9W9	empty
A0A0K2H9X4	empty
A0A0K2H9Y1	empty
A0A0K2H9Y2	empty
A0A0K2H9Y4	empty
A0A0K2H9Y8	empty
A0A0K2H9Z3	empty
A0A0K2H9Z7	empty
A0A0K2HA02	empty
A0A0K2HA03	empty
A0A0K2HA04	empty
A0A0K2HA07	empty
A0A0K2HA14	empty
A0A0K2HA21	empty
A0A0K2HA39	empty
A0A0K2HA40	empty
A0A0K2HA49	empty
A0A0K2HA54	empty
A0A0K2HA55	empty
A0A0K2HA60	empty
A0A0K2HA67	empty
A0A0K2HA72	empty
A0A0K2HA87	empty
A0A0K2HA88	empty
A0A0K2HA89	empty
A0A0K2HA96	empty
A0A0K2HAA4	empty
A0A0K2HAA5	empty
A0A0K2HAA6	empty
A0A0K2HAB3	empty
A0A0K2HAB5	empty
A0A0K2HAD6	empty
A0A0K2HAE0	empty
A0A0K2HAE8	empty
A0A0K2HAG9	empty
A0A0K2HAH1	empty
A0A0K2HAH8	empty
A0A0K2HAI8	empty
A0A0K2HAJ1	empty
A0A0K2HAK3	empty
A0A0K2HAL3	empty
A0A0K2HAL7	empty
A0A0K2HAL9	empty
A0A0K2HAM0	empty
A0A0K2HAM3	empty
A0A0K2HAM5	empty
A0A0K2HAN0	empty
A0A0K2HAN4	empty
A0A0K2HAP2	empty
A0A0K2HAP4	empty
A0A0K2HAP5	empty
A0A0K2HAP7	empty
A0A0K2HAR0	empty
A0A0K2HAS5	empty
A0A0K2HAU2	empty
A0A0K2HAV2	empty
A0A0K2HAV3	empty
A0A0K2HAW2	empty
A0A0K2HAW4	empty
A0A0K2HAX8	empty
A0A0K2HAX9	empty
A0A0K2HAY9	empty
A0A0K2HB04	empty
A0A0K2HB08	empty
A0A0K2HB11	empty
A0A0K2HB13	empty
A0A0K2HB22	empty
A0A0K2HB24	empty
A0A0K2HB33	empty
A0A0K2HB46	empty
A0A0K2HB49	empty
A0A0K2HB50	empty
A0A0K2HB61	empty
A0A0K2HB63	empty
A0A0K2HB66	empty
A0A0K2HB73	empty
A0A0K2HB78	empty
A0A0K2HB81	empty
A0A0K2HB83	empty
A0A0K2HB91	empty
A0A0K2HBA1	empty
A0A0K2HBA4	empty
A0A0K2HBA7	empty
A0A0K2HBA8	empty
A0A0K2HBA9	empty
A0A0K2HBB0	empty
A0A0K2HBB4	empty
A0A0K2HBB6	empty
A0A0K2HBC0	empty
A0A0K2HBC3	empty
A0A0K2HBG6	empty
A0A0K2HBH7	empty
A0A0K2HBI4	empty
A0A0K2HBI9	empty
A0A0K2HBJ0	empty
A0A0K2HBJ1	empty
A0A0K2HBJ7	empty
A0A0K2HBJ8	empty
A0A0K2HBJ9	empty
A0A0K2HBK2	empty
A0A0K2HBK3	empty
A0A0K2HBK5	empty
A0A0K2HBK7	empty
A0A0K2HBK8	empty
A0A0K2HBL0	empty
A0A0K2HBL1	empty
A0A0K2HBL4	empty
A0A0K2HBL9	empty
A0A0K2HBM0	empty
A0A0K2HBM4	empty
A0A0K2HBM8	empty
A0A0K2HBN0	empty
A0A0K2HBN6	empty
A0A0K2HBQ9	empty
A0A0K2HBR6	empty
A0A0K2HBT0	empty
A0A0K2HBT6	empty
A0A0K2HBU2	empty
A0A0K2HBU4	empty
A0A0K2HBU8	empty
A0A0K2HBV1	empty
A0A0K2HBV5	empty
A0A0K2HBW4	empty
A0A0K2HBX6	empty
A0A0K2HBX8	empty
A0A0K2HBX9	empty
A0A0K2HBY2	empty
A0A0K2HBY9	empty
A0A0K2HBZ0	empty
A0A0K2HBZ3	empty
A0A0K2HBZ4	empty
A0A0K2HBZ6	empty
A0A0K2HC08	empty
A0A0K2HC10	empty
A0A0K2HC15	empty
A0A0K2HC17	empty
A0A0K2HC18	empty
A0A0K2HC25	empty
A0A0K2HC42	empty
A0A0K2HC46	empty
A0A0K2HC58	empty
A0A0K2HC63	empty
A0A0K2HC80	empty
A0A0K2HC86	empty
A0A0K2HC91	empty
A0A0K2HCA1	empty
A0A0K2HCB2	empty
A0A0K2HCB4	empty
A0A0K2HCC4	empty
A0A0K2HCC5	empty
A0A0K2HCD1	empty
A0A0K2HCF5	empty
A0A0K2HCG6	empty
A0A0K2HCH6	empty
A0A0K2HCI1	empty
A0A0K2HCI2	empty
A0A0K2HCI7	empty
A0A0K2HCJ3	empty
A0A0K2HCJ7	empty
A0A0K2HCK1	empty
A0A0K2HCL2	empty
A0A0K2HCL7	empty
A0A0K2HCM3	empty
A0A0K2HCM4	empty
A0A0K2HCN2	empty
A0A0K2HCP4	empty
A0A0K2HCP6	empty
A0A0K2HCP8	empty
A0A0K2HCP9	empty
A0A0K2HCQ5	empty
A0A0K2HCQ7	empty
A0A0K2HCR6	empty
A0A0K2HCS2	empty
A0A0K2HCS4	empty
A0A0K2HCS5	empty
A0A0K2HCS6	empty
A0A0K2HCT1	empty
A0A0K2HCU3	empty
A0A0K2HCU5	empty
A0A0K2HCU8	empty
A0A0K2HCU9	empty
A0A0K2HCV2	empty
A0A0K2HCV3	empty
A0A0K2HCV4	empty
A0A0K2HCV9	empty
A0A0K2HCW6	empty
A0A0K2HCW9	empty
A0A0K2HCX3	empty
A0A0K2HCX5	empty
A0A0K2HCX6	empty
A0A0K2HCX7	empty
A0A0K2HCY0	empty
A0A0K2HCY1	empty
A0A0K2HCY4	empty
A0A0K2HCY8	empty
A0A0K2HCZ1	empty
A0A0K2HCZ3	empty
A0A0K2HD00	empty
A0A0K2HD16	empty
A0A0K2HD21	empty
A0A0K2HD35	empty
A0A0K2HD37	empty
A0A0K2HD39	empty
A0A0K2HD60	empty
A0A0K2HD62	empty
A0A0K2HD65	empty
A0A0K2HD82	empty
A0A0K2HD85	empty
A0A0K2HD96	empty
A0A0K2HD99	empty
A0A0K2HDA6	empty
A0A0K2HDC0	empty
A0A0K2HDE4	empty
A0A0K2HDH2	empty
A0A0K2HDL5	empty
A0A0K2HDQ3	empty
A0A0K2HDR2	empty
A0A0K2HDR6	empty
A0A0K2HDS1	empty
A0A0K2HDS6	empty
A0A0K2HE32	empty
A0A0K2HE36	empty
A0A0K2HE62	empty
A0A0M3HEQ7	empty
A0A0N4SU14	empty
A0A0R4IBQ0	empty
A0A0R4ICN8	empty
A0A0R4ICP0	empty
A0A0R4ID52	empty
A0A0R4IE20	empty
A0A0R4IKL1	empty
A0A0R4IKN3	empty
A0A0R4IP07	empty
A0A0R4ISB3	empty
A0A0R4IU19	empty
A0A0R4IV21	empty
A0A0R4IVD0	empty
A0A0R4IVL7	empty
A0A0R4J0A5	empty
A0A0R4J2A1	empty
A0A0X1KG66	empty
A0A1D5NSB3	empty
A2A4A1	empty
A2VCL2	empty
A3KFL1	empty
A3KGQ6	empty
A3KQE8	empty
A7MCP2	empty
A8E7L1	empty
A8KB14	empty
A8MT02	empty
A8MUL9	empty
A8MVN1	empty
A9JRE6	empty
A9JRF7	empty
A9JT49	empty
A9JTC4	empty
B0S5S6	empty
B0S7V7	empty
B0S872	empty
B0UXB6	empty
B0UYA2	empty
B0UZY3	empty
B0V043	empty
B1AKJ5	empty
B1ATD2	empty
B1ATZ0	empty
B2GTW6	empty
B5MEG5	empty
B7WP27	empty
C9J7I2	empty
C9JC99	empty
C9JX92	empty
C9K0W8	empty
C9K0X5	empty
D1GJ56	empty
D3YW87	empty
D3YWS2	empty
D3Z0Y1	empty
D3Z1M3	empty
D6RGK9	empty
D6W592	empty
E5RH97	empty
E5RJ73	empty
E5RJB2	empty
E7EM93	empty
E7EMX7	empty
E7EN41	empty
E7ENR4	empty
E7EPD0	empty
E7EPF0	empty
E7EQN6	empty
E7ERR0	empty
E7ES43	empty
E7ETR5	empty
E7EU23	empty
E7EUM5	empty
E7EUY0	empty
E7EVH9	empty
E7EW20	empty
E7F4V5	empty
E7F948	empty
E7F9F6	empty
E7FG56	empty
E9PC28	empty
E9PC74	empty
E9PCQ3	empty
E9PCT1	empty
E9PEB9	empty
E9PER1	empty
E9PEZ3	empty
E9PFD3	empty
E9PG83	empty
E9PJW9	empty
E9PKL4	empty
E9PL22	empty
E9PNQ6	empty
E9PV28	empty
E9PW66	empty
E9PWG2	empty
E9PYB0	empty
E9PYL9	empty
E9Q035	empty
E9Q070	empty
E9Q0V1	empty
E9Q1V5	empty
E9Q3I2	empty
E9Q4A5	empty
E9Q7K5	empty
E9Q8F1	empty
E9QD37	empty
E9QDZ8	empty
E9QF54	empty
E9QFR8	empty
E9QG37	empty
E9QI58	empty
E9QKL6	empty
F1Q611	empty
F1QAP2	empty
F1QLT6	empty
F1QMV0	empty
F1QSY7	empty
F1R4W2	empty
F2Z2E1	empty
F2Z2U8	empty
F2Z2X4	empty
F5GU60	empty
F5GWE5	empty
F5GWP8	empty
F5GWU7	empty
F5GXC8	empty
F5GXS7	empty
F5GXV7	empty
F5GZM7	empty
F5GZS0	empty
F5GZT1	empty
F5H012	empty
F5H0L8	empty
F5H1X8	empty
F5H2H5	empty
F5H2Q7	empty
F5H328	empty
F5H3X9	empty
F5H4B1	empty
F5H4G7	empty
F5H5I6	empty
F5H5Y3	empty
F5H647	empty
F5H698	empty
F5H715	empty
F5H801	empty
F5H827	empty
F5H845	empty
F6NZ18	empty
F6RH32	empty
F6SBX2	empty
F6TBV1	empty
F6WCX7	empty
F6WH68	empty
F6WYQ5	empty
F6XEV2	empty
F6YY69	empty
F7ASG0	empty
F8VQ10	empty
F8VSZ4	empty
F8VUC3	empty
F8W181	empty
F8W648	empty
F8W6H6	empty
F8W6N8	empty
F8W7V0	empty
F8W9B4	empty
F8WA61	empty
F8WAK8	empty
F8WB74	empty
F8WBH3	empty
F8WCP6	empty
G3MU14	empty
G3V0G4	empty
G3V0H6	empty
G3V1K3	empty
G3V1Q1	empty
G3V4C9	empty
G3X9L6	empty
G3XA21	empty
G5E9S4	empty
G5EA52	empty
G5ECN3	empty
G8JL88	empty
G8JLK1	empty
G8JY40	empty
H0WE38	empty
H0Y2L5	empty
H0Y4G9	empty
H0Y7W4	empty
H0Y9Q7	empty
H0YCY4	empty
H0YGL9	empty
H0YLB5	empty
H2KZE9	empty
H2L012	empty
H2L052	empty
H2L0N6	empty
H3BMV2	empty
H3BN30	empty
H3BNU0	empty
H7BXV2	empty
H7BY58	empty
H7C107	empty
H9KV28	empty
H9KV53	empty
H9KVA9	empty
I1XUS8	empty
I2HAC1	empty
I3ISH4	empty
I3ITA0	empty
J3KMH5	empty
J3KMM5	empty
J3KN10	empty
J3KN59	empty
J3KN69	empty
J3KNL3	empty
J3KNW0	empty
J3KNW4	empty
J3KNW7	empty
J3KNX9	empty
J3KP22	empty
J3KPL1	empty
J3KPL2	empty
J3KPN1	empty
J3KPW7	empty
J3KQ73	empty
J3KQA6	empty
J3KQB0	empty
J3KQE0	empty
J3KQU9	empty
J3KR44	empty
J3KR86	empty
J3KTJ8	empty
J3QP80	empty
J3QQK5	empty
J3QST2	empty
J3QTJ6	empty
J9JID7	empty
K4DI94	empty
K4DI95	empty
K7ELJ0	empty
K7ER93	empty
M0QZI3	empty
O17244	empty
O44537	empty
O60344	empty
O60344-4	404
O61768	empty
P08107	empty
P15092	empty
P30042	empty
P32132	empty
Q13748	empty
Q17550	empty
Q1W0R7	empty
Q20260	empty
Q23080	empty
Q23409	empty
Q23410	empty
Q23412	empty
Q29RB0	empty
Q3B7Q9	empty
Q502K8	empty
Q5BLJ0	empty
Q5CZT0	empty
Q5JS74	empty
Q5JUE6	empty
Q5QPK7	empty
Q5R363	empty
Q5SR50	empty
Q5SVK8	empty
Q5T7F6	empty
Q5T8A0	empty
Q5TBP5	empty
Q5TCW7	empty
Q5U3F0	empty
Q5VT94	empty
Q5VTU3	empty
Q5VVC9	empty
Q5VY93	empty
Q5WRQ0	empty
Q65ZI9	empty
Q69YJ1	empty
Q6DBY1	empty
Q6DHD9	empty
Q6DRJ2	empty
Q6IQA5	empty
Q6IQG7	empty
Q6NXD1	empty
Q6TEL5	empty
Q6TNR8	empty
Q6ZV56	empty
Q6ZW49-4	404
Q7KHA1	empty
Q7SYM7	empty
Q7ZUF4	empty
Q802D0	empty
Q803W9	empty
Q804G8	empty
Q80XU2	empty
Q8IA49	empty
Q8JHH6	empty
Q8MXS2	empty
Q8N7B7	empty
Q8N9H6	empty
Q8NDZ9	empty
Q90WI2	empty
Q90Y03	empty
Q96SH1	empty
Q9BZD3	empty
Q9DEG7	empty
Q9IB40	empty
Q9N3K6	empty
Q9N5X8	empty
Q9PTF4	empty
Q9PTF5	empty
Q9QXA1	empty
Q9TYP3	empty
Q9TYZ1	empty
Q9XWZ9	empty
Q9Y2S0	empty
R4GN55	empty
V9GXK0	empty
X1WD71	empty
X1WDN1	empty
X1WFB0	empty
X1WFZ2	empty
X1WHB9	empty
